material_id,date,qty
M0001,2026-10-05,5
M0001,2026-10-06,5
M0001,2026-10-07,5
M0001,2026-10-08,5
M0001,2026-10-09,5
M0001,2026-10-12,5
M0001,2026-10-13,5
M0001,2026-10-14,5
M0001,2026-10-15,5
M0001,2026-10-16,5
M0001,2026-10-19,5
M0001,2026-10-20,5
M0001,2026-10-21,5
M0001,2026-10-22,5
M0001,2026-10-23,5
M0001,2026-10-26,5
M0001,2026-10-27,5
M0001,2026-10-28,5
M0001,2026-10-29,5
M0001,2026-10-30,5
M0002,2026-10-05,80
M0002,2026-10-06,80
M0002,2026-10-07,80
M0002,2026-10-08,80
M0002,2026-10-09,80
M0002,2026-10-12,80
M0002,2026-10-13,80
M0002,2026-10-14,80
M0002,2026-10-15,80
M0002,2026-10-16,80
M0002,2026-10-19,80
M0002,2026-10-20,240
M0002,2026-10-21,80
M0002,2026-10-22,80
M0002,2026-10-23,80
M0002,2026-10-26,80
M0002,2026-10-27,80
M0002,2026-10-28,80
M0002,2026-10-29,80
M0002,2026-10-30,80
M0003,2026-10-05,80
M0003,2026-10-06,240
M0003,2026-10-07,80
M0003,2026-10-08,80
M0003,2026-10-09,80
M0003,2026-10-12,240
M0003,2026-10-13,80
M0003,2026-10-14,80
M0003,2026-10-15,80
M0003,2026-10-16,80
M0003,2026-10-19,80
M0003,2026-10-20,80
M0003,2026-10-21,80
M0003,2026-10-22,80
M0003,2026-10-23,80
M0003,2026-10-26,80
M0003,2026-10-27,80
M0003,2026-10-28,80
M0003,2026-10-29,80
M0003,2026-10-30,80
M0004,2026-10-05,10
M0004,2026-10-06,10
M0004,2026-10-07,10
M0004,2026-10-08,10
M0004,2026-10-09,10
M0004,2026-10-12,10
M0004,2026-10-13,10
M0004,2026-10-14,10
M0004,2026-10-15,10
M0004,2026-10-16,10
M0004,2026-10-19,30
M0004,2026-10-20,10
M0004,2026-10-21,10
M0004,2026-10-22,10
M0004,2026-10-23,10
M0004,2026-10-26,10
M0004,2026-10-27,10
M0004,2026-10-28,10
M0004,2026-10-29,10
M0004,2026-10-30,10
M0005,2026-10-05,60
M0005,2026-10-06,20
M0005,2026-10-07,20
M0005,2026-10-08,20
M0005,2026-10-09,20
M0005,2026-10-12,20
M0005,2026-10-13,20
M0005,2026-10-14,20
M0005,2026-10-15,20
M0005,2026-10-16,60
M0005,2026-10-19,20
M0005,2026-10-20,20
M0005,2026-10-21,20
M0005,2026-10-22,20
M0005,2026-10-23,20
M0005,2026-10-26,20
M0005,2026-10-27,20
M0005,2026-10-28,20
M0005,2026-10-29,20
M0005,2026-10-30,20
M0006,2026-10-05,20
M0006,2026-10-06,20
M0006,2026-10-07,20
M0006,2026-10-08,20
M0006,2026-10-09,20
M0006,2026-10-12,20
M0006,2026-10-13,20
M0006,2026-10-14,20
M0006,2026-10-15,20
M0006,2026-10-16,20
M0006,2026-10-19,20
M0006,2026-10-20,20
M0006,2026-10-21,20
M0006,2026-10-22,20
M0006,2026-10-23,20
M0006,2026-10-26,20
M0006,2026-10-27,20
M0006,2026-10-28,20
M0006,2026-10-29,20
M0006,2026-10-30,20
M0007,2026-10-05,80
M0007,2026-10-06,80
M0007,2026-10-07,80
M0007,2026-10-08,80
M0007,2026-10-09,80
M0007,2026-10-12,240
M0007,2026-10-13,80
M0007,2026-10-14,80
M0007,2026-10-15,80
M0007,2026-10-16,80
M0007,2026-10-19,80
M0007,2026-10-20,80
M0007,2026-10-21,80
M0007,2026-10-22,80
M0007,2026-10-23,80
M0007,2026-10-26,80
M0007,2026-10-27,80
M0007,2026-10-28,240
M0007,2026-10-29,80
M0007,2026-10-30,80
M0008,2026-10-05,10
M0008,2026-10-06,10
M0008,2026-10-07,10
M0008,2026-10-08,10
M0008,2026-10-09,10
M0008,2026-10-12,10
M0008,2026-10-13,10
M0008,2026-10-14,10
M0008,2026-10-15,10
M0008,2026-10-16,10
M0008,2026-10-19,10
M0008,2026-10-20,10
M0008,2026-10-21,10
M0008,2026-10-22,10
M0008,2026-10-23,10
M0008,2026-10-26,10
M0008,2026-10-27,10
M0008,2026-10-28,10
M0008,2026-10-29,10
M0008,2026-10-30,10
M0009,2026-10-05,10
M0009,2026-10-06,10
M0009,2026-10-07,10
M0009,2026-10-08,10
M0009,2026-10-09,10
M0009,2026-10-12,10
M0009,2026-10-13,10
M0009,2026-10-14,10
M0009,2026-10-15,10
M0009,2026-10-16,10
M0009,2026-10-19,10
M0009,2026-10-20,10
M0009,2026-10-21,10
M0009,2026-10-22,10
M0009,2026-10-23,10
M0009,2026-10-26,10
M0009,2026-10-27,10
M0009,2026-10-28,10
M0009,2026-10-29,10
M0009,2026-10-30,10
M0010,2026-10-05,40
M0010,2026-10-06,40
M0010,2026-10-07,40
M0010,2026-10-08,40
M0010,2026-10-09,40
M0010,2026-10-12,40
M0010,2026-10-13,40
M0010,2026-10-14,40
M0010,2026-10-15,40
M0010,2026-10-16,40
M0010,2026-10-19,40
M0010,2026-10-20,40
M0010,2026-10-21,40
M0010,2026-10-22,40
M0010,2026-10-23,40
M0010,2026-10-26,40
M0010,2026-10-27,40
M0010,2026-10-28,40
M0010,2026-10-29,40
M0010,2026-10-30,40
M0011,2026-10-05,60
M0011,2026-10-06,20
M0011,2026-10-07,20
M0011,2026-10-08,20
M0011,2026-10-09,20
M0011,2026-10-12,20
M0011,2026-10-13,20
M0011,2026-10-14,20
M0011,2026-10-15,20
M0011,2026-10-16,20
M0011,2026-10-19,60
M0011,2026-10-20,20
M0011,2026-10-21,20
M0011,2026-10-22,20
M0011,2026-10-23,20
M0011,2026-10-26,20
M0011,2026-10-27,20
M0011,2026-10-28,20
M0011,2026-10-29,20
M0011,2026-10-30,20
M0012,2026-10-05,20
M0012,2026-10-06,20
M0012,2026-10-07,20
M0012,2026-10-08,20
M0012,2026-10-09,20
M0012,2026-10-12,20
M0012,2026-10-13,20
M0012,2026-10-14,20
M0012,2026-10-15,20
M0012,2026-10-16,20
M0012,2026-10-19,20
M0012,2026-10-20,20
M0012,2026-10-21,20
M0012,2026-10-22,20
M0012,2026-10-23,20
M0012,2026-10-26,60
M0012,2026-10-27,20
M0012,2026-10-28,20
M0012,2026-10-29,20
M0012,2026-10-30,20
M0013,2026-10-05,40
M0013,2026-10-06,40
M0013,2026-10-07,40
M0013,2026-10-08,40
M0013,2026-10-09,40
M0013,2026-10-12,40
M0013,2026-10-13,40
M0013,2026-10-14,40
M0013,2026-10-15,40
M0013,2026-10-16,40
M0013,2026-10-19,40
M0013,2026-10-20,40
M0013,2026-10-21,40
M0013,2026-10-22,40
M0013,2026-10-23,40
M0013,2026-10-26,40
M0013,2026-10-27,40
M0013,2026-10-28,40
M0013,2026-10-29,40
M0013,2026-10-30,40
M0014,2026-10-05,40
M0014,2026-10-06,40
M0014,2026-10-07,40
M0014,2026-10-08,40
M0014,2026-10-09,40
M0014,2026-10-12,120
M0014,2026-10-13,40
M0014,2026-10-14,40
M0014,2026-10-15,40
M0014,2026-10-16,40
M0014,2026-10-19,40
M0014,2026-10-20,40
M0014,2026-10-21,40
M0014,2026-10-22,40
M0014,2026-10-23,40
M0014,2026-10-26,40
M0014,2026-10-27,40
M0014,2026-10-28,40
M0014,2026-10-29,40
M0014,2026-10-30,40
M0015,2026-10-05,40
M0015,2026-10-06,40
M0015,2026-10-07,40
M0015,2026-10-08,40
M0015,2026-10-09,40
M0015,2026-10-12,40
M0015,2026-10-13,40
M0015,2026-10-14,40
M0015,2026-10-15,40
M0015,2026-10-16,40
M0015,2026-10-19,40
M0015,2026-10-20,40
M0015,2026-10-21,40
M0015,2026-10-22,40
M0015,2026-10-23,40
M0015,2026-10-26,40
M0015,2026-10-27,40
M0015,2026-10-28,120
M0015,2026-10-29,40
M0015,2026-10-30,40
M0016,2026-10-05,20
M0016,2026-10-06,20
M0016,2026-10-07,20
M0016,2026-10-08,60
M0016,2026-10-09,20
M0016,2026-10-12,20
M0016,2026-10-13,20
M0016,2026-10-14,20
M0016,2026-10-15,20
M0016,2026-10-16,20
M0016,2026-10-19,20
M0016,2026-10-20,20
M0016,2026-10-21,20
M0016,2026-10-22,20
M0016,2026-10-23,20
M0016,2026-10-26,20
M0016,2026-10-27,20
M0016,2026-10-28,20
M0016,2026-10-29,20
M0016,2026-10-30,20
M0017,2026-10-05,80
M0017,2026-10-06,80
M0017,2026-10-07,80
M0017,2026-10-08,80
M0017,2026-10-09,80
M0017,2026-10-12,80
M0017,2026-10-13,80
M0017,2026-10-14,80
M0017,2026-10-15,80
M0017,2026-10-16,80
M0017,2026-10-19,80
M0017,2026-10-20,80
M0017,2026-10-21,80
M0017,2026-10-22,80
M0017,2026-10-23,240
M0017,2026-10-26,80
M0017,2026-10-27,80
M0017,2026-10-28,80
M0017,2026-10-29,80
M0017,2026-10-30,80
M0018,2026-10-05,5
M0018,2026-10-06,5
M0018,2026-10-07,5
M0018,2026-10-08,5
M0018,2026-10-09,5
M0018,2026-10-12,5
M0018,2026-10-13,5
M0018,2026-10-14,5
M0018,2026-10-15,5
M0018,2026-10-16,5
M0018,2026-10-19,5
M0018,2026-10-20,5
M0018,2026-10-21,5
M0018,2026-10-22,5
M0018,2026-10-23,5
M0018,2026-10-26,5
M0018,2026-10-27,15
M0018,2026-10-28,5
M0018,2026-10-29,5
M0018,2026-10-30,5
M0019,2026-10-05,80
M0019,2026-10-06,80
M0019,2026-10-07,80
M0019,2026-10-08,240
M0019,2026-10-09,80
M0019,2026-10-12,80
M0019,2026-10-13,80
M0019,2026-10-14,80
M0019,2026-10-15,80
M0019,2026-10-16,80
M0019,2026-10-19,80
M0019,2026-10-20,80
M0019,2026-10-21,80
M0019,2026-10-22,80
M0019,2026-10-23,80
M0019,2026-10-26,80
M0019,2026-10-27,80
M0019,2026-10-28,80
M0019,2026-10-29,80
M0019,2026-10-30,80
M0020,2026-10-05,20
M0020,2026-10-06,20
M0020,2026-10-07,20
M0020,2026-10-08,20
M0020,2026-10-09,20
M0020,2026-10-12,20
M0020,2026-10-13,20
M0020,2026-10-14,20
M0020,2026-10-15,20
M0020,2026-10-16,20
M0020,2026-10-19,20
M0020,2026-10-20,20
M0020,2026-10-21,20
M0020,2026-10-22,20
M0020,2026-10-23,20
M0020,2026-10-26,20
M0020,2026-10-27,20
M0020,2026-10-28,20
M0020,2026-10-29,20
M0020,2026-10-30,20
M0021,2026-10-05,5
M0021,2026-10-06,5
M0021,2026-10-07,5
M0021,2026-10-08,5
M0021,2026-10-09,5
M0021,2026-10-12,5
M0021,2026-10-13,5
M0021,2026-10-14,5
M0021,2026-10-15,5
M0021,2026-10-16,5
M0021,2026-10-19,5
M0021,2026-10-20,5
M0021,2026-10-21,5
M0021,2026-10-22,5
M0021,2026-10-23,5
M0021,2026-10-26,5
M0021,2026-10-27,5
M0021,2026-10-28,5
M0021,2026-10-29,5
M0021,2026-10-30,5
M0022,2026-10-05,20
M0022,2026-10-06,20
M0022,2026-10-07,20
M0022,2026-10-08,20
M0022,2026-10-09,20
M0022,2026-10-12,20
M0022,2026-10-13,20
M0022,2026-10-14,20
M0022,2026-10-15,20
M0022,2026-10-16,20
M0022,2026-10-19,20
M0022,2026-10-20,20
M0022,2026-10-21,20
M0022,2026-10-22,20
M0022,2026-10-23,20
M0022,2026-10-26,20
M0022,2026-10-27,20
M0022,2026-10-28,20
M0022,2026-10-29,20
M0022,2026-10-30,20
M0023,2026-10-05,80
M0023,2026-10-06,80
M0023,2026-10-07,80
M0023,2026-10-08,80
M0023,2026-10-09,80
M0023,2026-10-12,80
M0023,2026-10-13,80
M0023,2026-10-14,80
M0023,2026-10-15,80
M0023,2026-10-16,80
M0023,2026-10-19,80
M0023,2026-10-20,80
M0023,2026-10-21,80
M0023,2026-10-22,80
M0023,2026-10-23,80
M0023,2026-10-26,80
M0023,2026-10-27,80
M0023,2026-10-28,80
M0023,2026-10-29,80
M0023,2026-10-30,80
M0024,2026-10-05,20
M0024,2026-10-06,20
M0024,2026-10-07,20
M0024,2026-10-08,20
M0024,2026-10-09,20
M0024,2026-10-12,20
M0024,2026-10-13,20
M0024,2026-10-14,60
M0024,2026-10-15,20
M0024,2026-10-16,20
M0024,2026-10-19,20
M0024,2026-10-20,20
M0024,2026-10-21,20
M0024,2026-10-22,20
M0024,2026-10-23,20
M0024,2026-10-26,20
M0024,2026-10-27,20
M0024,2026-10-28,20
M0024,2026-10-29,20
M0024,2026-10-30,20
M0025,2026-10-05,20
M0025,2026-10-06,20
M0025,2026-10-07,20
M0025,2026-10-08,20
M0025,2026-10-09,20
M0025,2026-10-12,20
M0025,2026-10-13,20
M0025,2026-10-14,20
M0025,2026-10-15,20
M0025,2026-10-16,20
M0025,2026-10-19,20
M0025,2026-10-20,20
M0025,2026-10-21,20
M0025,2026-10-22,20
M0025,2026-10-23,20
M0025,2026-10-26,20
M0025,2026-10-27,20
M0025,2026-10-28,20
M0025,2026-10-29,20
M0025,2026-10-30,20
M0026,2026-10-05,40
M0026,2026-10-06,40
M0026,2026-10-07,40
M0026,2026-10-08,120
M0026,2026-10-09,40
M0026,2026-10-12,40
M0026,2026-10-13,40
M0026,2026-10-14,40
M0026,2026-10-15,40
M0026,2026-10-16,40
M0026,2026-10-19,40
M0026,2026-10-20,40
M0026,2026-10-21,40
M0026,2026-10-22,40
M0026,2026-10-23,40
M0026,2026-10-26,40
M0026,2026-10-27,40
M0026,2026-10-28,40
M0026,2026-10-29,40
M0026,2026-10-30,40
M0027,2026-10-05,20
M0027,2026-10-06,20
M0027,2026-10-07,20
M0027,2026-10-08,20
M0027,2026-10-09,20
M0027,2026-10-12,20
M0027,2026-10-13,20
M0027,2026-10-14,20
M0027,2026-10-15,20
M0027,2026-10-16,20
M0027,2026-10-19,20
M0027,2026-10-20,20
M0027,2026-10-21,20
M0027,2026-10-22,20
M0027,2026-10-23,20
M0027,2026-10-26,20
M0027,2026-10-27,20
M0027,2026-10-28,20
M0027,2026-10-29,20
M0027,2026-10-30,20
M0028,2026-10-05,20
M0028,2026-10-06,20
M0028,2026-10-07,20
M0028,2026-10-08,20
M0028,2026-10-09,20
M0028,2026-10-12,20
M0028,2026-10-13,20
M0028,2026-10-14,20
M0028,2026-10-15,60
M0028,2026-10-16,20
M0028,2026-10-19,20
M0028,2026-10-20,20
M0028,2026-10-21,20
M0028,2026-10-22,20
M0028,2026-10-23,20
M0028,2026-10-26,20
M0028,2026-10-27,20
M0028,2026-10-28,20
M0028,2026-10-29,20
M0028,2026-10-30,20
M0029,2026-10-05,10
M0029,2026-10-06,10
M0029,2026-10-07,10
M0029,2026-10-08,10
M0029,2026-10-09,10
M0029,2026-10-12,10
M0029,2026-10-13,10
M0029,2026-10-14,10
M0029,2026-10-15,10
M0029,2026-10-16,10
M0029,2026-10-19,10
M0029,2026-10-20,10
M0029,2026-10-21,10
M0029,2026-10-22,10
M0029,2026-10-23,10
M0029,2026-10-26,10
M0029,2026-10-27,10
M0029,2026-10-28,10
M0029,2026-10-29,10
M0029,2026-10-30,10
M0030,2026-10-05,10
M0030,2026-10-06,10
M0030,2026-10-07,10
M0030,2026-10-08,10
M0030,2026-10-09,10
M0030,2026-10-12,10
M0030,2026-10-13,10
M0030,2026-10-14,10
M0030,2026-10-15,10
M0030,2026-10-16,10
M0030,2026-10-19,10
M0030,2026-10-20,10
M0030,2026-10-21,10
M0030,2026-10-22,10
M0030,2026-10-23,10
M0030,2026-10-26,10
M0030,2026-10-27,10
M0030,2026-10-28,10
M0030,2026-10-29,10
M0030,2026-10-30,10
