material_id,description,main_supplier_id,on_hand,safety_stock,unit
M0001,Part M0001,S03,15,25,pcs
M0002,Part M0002,S01,560,320,pcs
M0003,Part M0003,S03,1600,240,pcs
M0004,Part M0004,S06,110,30,pcs
M0005,Part M0005,S01,160,80,pcs
M0006,Part M0006,S05,480,100,pcs
M0007,Part M0007,S05,1040,160,pcs
M0008,Part M0008,S04,80,50,pcs
M0009,Part M0009,S06,110,50,pcs
M0010,Part M0010,S04,800,120,pcs
M0011,Part M0011,S04,100,100,pcs
M0012,Part M0012,S02,120,40,pcs
M0013,Part M0013,S04,240,200,pcs
M0014,Part M0014,S02,360,160,pcs
M0015,Part M0015,S03,440,160,pcs
M0016,Part M0016,S05,500,60,pcs
M0017,Part M0017,S03,1280,320,pcs
M0018,Part M0018,S04,100,15,pcs
M0019,Part M0019,S02,1680,160,pcs
M0020,Part M0020,S03,260,40,pcs
M0021,Part M0021,S05,100,25,pcs
M0022,Part M0022,S06,420,100,pcs
M0023,Part M0023,S02,1680,320,pcs
M0024,Part M0024,S06,200,40,pcs
M0025,Part M0025,S06,340,80,pcs
M0026,Part M0026,S06,440,80,pcs
M0027,Part M0027,S05,140,40,pcs
M0028,Part M0028,S01,400,40,pcs
M0029,Part M0029,S01,200,30,pcs
M0030,Part M0030,S03,60,50,pcs
