po_id,material_id,supplier_id,qty,promised_date
PO00001,M0001,S03,40,2026-10-15
PO00002,M0002,S01,480,2026-10-24
PO00003,M0003,S03,1440,2026-10-17
PO00004,M0005,S01,280,2026-10-10
PO00005,M0006,S05,280,2026-10-09
PO00006,M0008,S04,200,2026-10-23
PO00007,M0009,S06,50,2026-10-22
PO00008,M0009,S06,140,2026-10-18
PO00009,M0010,S04,600,2026-10-17
PO00010,M0010,S04,520,2026-10-19
PO00011,M0013,S04,200,2026-10-17
PO00012,M0013,S04,600,2026-10-22
PO00013,M0014,S02,640,2026-10-24
PO00014,M0014,S02,600,2026-10-20
PO00015,M0016,S05,340,2026-10-14
PO00016,M0016,S05,380,2026-10-21
PO00017,M0017,S03,880,2026-10-25
PO00018,M0019,S02,480,2026-10-24
PO00019,M0019,S02,560,2026-10-21
PO00020,M0020,S03,280,2026-10-12
PO00021,M0021,S05,65,2026-10-17
PO00022,M0021,S05,70,2026-10-07
PO00023,M0022,S06,120,2026-10-22
PO00024,M0023,S02,480,2026-10-24
PO00025,M0023,S02,960,2026-10-09
PO00026,M0024,S06,380,2026-10-14
PO00027,M0026,S06,240,2026-10-21
PO00028,M0027,S05,320,2026-10-24
PO00029,M0027,S05,340,2026-10-09
PO00030,M0028,S01,160,2026-10-22
PO00031,M0029,S01,170,2026-10-08
PO00032,M0030,S03,80,2026-10-12
