po_id,supplier_id,promised_date,actual_date
HS01000,S01,2025-11-02,2025-11-03
HS01001,S01,2026-05-23,2026-05-24
HS01002,S01,2026-06-03,2026-06-03
HS01003,S01,2025-12-20,2025-12-20
HS01004,S01,2026-08-12,2026-08-12
HS01005,S01,2026-08-09,2026-08-09
HS01006,S01,2026-06-06,2026-06-06
HS01007,S01,2025-12-12,2025-12-13
HS01008,S01,2026-06-16,2026-06-16
HS01009,S01,2026-02-23,2026-02-21
HS01010,S01,2026-06-05,2026-06-04
HS01011,S01,2026-09-22,2026-09-22
HS01012,S01,2026-07-06,2026-07-06
HS01013,S01,2026-07-08,2026-07-07
HS01014,S01,2026-06-07,2026-06-08
HS01015,S01,2026-08-09,2026-08-09
HS01016,S01,2026-03-15,2026-03-17
HS01017,S01,2025-11-20,2025-11-21
HS01018,S01,2026-05-13,2026-05-14
HS01019,S01,2025-12-25,2025-12-23
HS01020,S01,2026-07-24,2026-07-25
HS01021,S01,2025-12-17,2025-12-17
HS01022,S01,2026-04-28,2026-04-29
HS01023,S01,2026-03-24,2026-03-23
HS01024,S01,2025-12-04,2025-12-04
HS02000,S02,2025-10-22,2025-10-29
HS02001,S02,2026-06-01,2026-06-09
HS02002,S02,2026-05-29,2026-05-27
HS02003,S02,2026-08-05,2026-08-08
HS02004,S02,2026-03-23,2026-04-01
HS02005,S02,2026-07-04,2026-07-08
HS02006,S02,2026-05-12,2026-05-20
HS02007,S02,2025-10-11,2025-10-14
HS02008,S02,2026-06-30,2026-07-02
HS02009,S02,2025-12-26,2026-01-01
HS02010,S02,2026-03-15,2026-03-19
HS02011,S02,2026-05-10,2026-05-22
HS02012,S02,2025-12-14,2025-12-20
HS02013,S02,2026-06-05,2026-06-08
HS02014,S02,2026-08-28,2026-08-27
HS02015,S02,2026-05-31,2026-06-09
HS02016,S02,2026-03-04,2026-03-03
HS02017,S02,2026-05-11,2026-05-25
HS02018,S02,2025-12-09,2025-12-19
HS02019,S02,2026-04-17,2026-04-24
HS02020,S02,2025-10-31,2025-11-11
HS02021,S02,2026-02-03,2026-02-10
HS02022,S02,2025-12-12,2025-12-20
HS02023,S02,2025-12-24,2025-12-30
HS02024,S02,2025-12-01,2025-12-12
HS03000,S03,2026-03-05,2026-03-03
HS03001,S03,2026-07-17,2026-07-23
HS03002,S03,2026-01-08,2026-01-06
HS03003,S03,2026-07-31,2026-08-01
HS03004,S03,2026-07-09,2026-07-08
HS03005,S03,2026-02-21,2026-02-19
HS03006,S03,2025-11-24,2025-11-27
HS03007,S03,2026-01-29,2026-01-31
HS03008,S03,2025-12-29,2025-12-30
HS03009,S03,2026-09-20,2026-09-24
HS03010,S03,2025-10-12,2025-10-12
HS03011,S03,2025-12-25,2025-12-23
HS03012,S03,2026-05-12,2026-05-13
HS03013,S03,2026-04-28,2026-04-27
HS03014,S03,2026-02-15,2026-02-16
HS03015,S03,2026-05-14,2026-05-15
HS03016,S03,2026-01-12,2026-01-13
HS03017,S03,2026-08-02,2026-08-01
HS03018,S03,2025-11-09,2025-11-09
HS03019,S03,2025-11-18,2025-11-22
HS03020,S03,2026-06-16,2026-06-19
HS03021,S03,2025-12-23,2025-12-27
HS03022,S03,2025-12-28,2025-12-31
HS03023,S03,2026-01-18,2026-01-18
HS03024,S03,2026-09-16,2026-09-18
HS04000,S04,2026-04-21,2026-05-07
HS04001,S04,2026-05-26,2026-06-19
HS04002,S04,2026-08-16,2026-09-01
HS04003,S04,2026-08-13,2026-08-24
HS04004,S04,2025-12-27,2025-12-28
HS04005,S04,2026-07-23,2026-08-09
HS04006,S04,2025-12-18,2026-01-04
HS04007,S04,2026-07-03,2026-07-14
HS04008,S04,2026-02-21,2026-03-17
HS04009,S04,2026-06-09,2026-06-30
HS04010,S04,2026-06-15,2026-06-23
HS04011,S04,2026-04-19,2026-04-24
HS04012,S04,2026-03-18,2026-04-04
HS04013,S04,2026-02-13,2026-03-02
HS04014,S04,2026-05-22,2026-05-30
HS04015,S04,2026-06-02,2026-06-15
HS04016,S04,2025-12-16,2025-12-28
HS04017,S04,2026-05-31,2026-06-11
HS04018,S04,2025-11-06,2025-11-18
HS04019,S04,2026-08-26,2026-09-09
HS04020,S04,2026-04-09,2026-05-04
HS04021,S04,2026-08-20,2026-08-27
HS04022,S04,2026-01-20,2026-02-01
HS04023,S04,2026-06-08,2026-06-11
HS04024,S04,2025-12-07,2025-12-17
HS05000,S05,2025-12-04,2025-12-04
HS05001,S05,2026-03-01,2026-03-01
HS05002,S05,2026-06-20,2026-06-20
HS05003,S05,2026-03-28,2026-03-28
HS05004,S05,2026-02-21,2026-02-21
HS05005,S05,2026-08-29,2026-08-29
HS05006,S05,2025-10-16,2025-10-16
HS05007,S05,2026-08-25,2026-08-25
HS05008,S05,2026-03-03,2026-03-03
HS05009,S05,2026-08-01,2026-08-01
HS05010,S05,2026-05-21,2026-05-21
HS05011,S05,2026-07-16,2026-07-16
HS05012,S05,2026-02-21,2026-02-21
HS05013,S05,2026-08-18,2026-08-18
HS05014,S05,2026-02-11,2026-02-11
HS05015,S05,2026-08-06,2026-08-06
HS05016,S05,2026-08-31,2026-08-31
HS05017,S05,2026-09-18,2026-09-18
HS05018,S05,2026-08-09,2026-08-09
HS05019,S05,2026-07-02,2026-07-02
HS05020,S05,2026-03-01,2026-03-01
HS05021,S05,2026-03-04,2026-03-04
HS05022,S05,2026-08-26,2026-08-26
HS05023,S05,2026-03-10,2026-03-10
HS05024,S05,2026-05-13,2026-05-13
HS06000,S06,2026-05-02,2026-05-03
HS06001,S06,2026-02-21,2026-02-22
HS06002,S06,2025-12-15,2025-12-13
HS06003,S06,2025-10-22,2025-10-25
HS06004,S06,2026-04-27,2026-04-28
HS06005,S06,2026-06-06,2026-06-13
HS06006,S06,2025-12-22,2025-12-24
HS06007,S06,2026-08-25,2026-08-28
HS06008,S06,2025-11-30,2025-12-02
HS06009,S06,2026-01-24,2026-01-22
HS06010,S06,2026-07-07,2026-07-10
HS06011,S06,2026-08-27,2026-08-31
HS06012,S06,2026-06-22,2026-06-25
HS06013,S06,2026-08-21,2026-08-20
HS06014,S06,2026-05-28,2026-05-28
HS06015,S06,2026-03-03,2026-03-11
HS06016,S06,2026-05-22,2026-05-29
HS06017,S06,2025-12-03,2025-12-03
HS06018,S06,2026-02-23,2026-02-24
HS06019,S06,2025-10-24,2025-10-24
HS06020,S06,2026-05-15,2026-05-16
HS06021,S06,2026-06-13,2026-06-15
HS06022,S06,2026-05-13,2026-05-14
HS06023,S06,2026-03-07,2026-03-13
HS06024,S06,2026-02-03,2026-02-09
