Artikelnummer;Bedarfsdatum;Menge
M0001;05.10.2026;5,0
M0001;06.10.2026;5,0
M0001;07.10.2026;5,0
M0001;08.10.2026;5,0
M0001;09.10.2026;5,0
M0001;12.10.2026;5,0
M0001;13.10.2026;5,0
M0001;14.10.2026;5,0
M0001;15.10.2026;5,0
M0001;16.10.2026;5,0
M0001;19.10.2026;5,0
M0001;20.10.2026;5,0
M0001;21.10.2026;5,0
M0001;22.10.2026;5,0
M0001;23.10.2026;5,0
M0001;26.10.2026;5,0
M0001;27.10.2026;5,0
M0001;28.10.2026;5,0
M0001;29.10.2026;5,0
M0001;30.10.2026;5,0
M0002;05.10.2026;80,0
M0002;06.10.2026;80,0
M0002;07.10.2026;80,0
M0002;08.10.2026;80,0
M0002;09.10.2026;80,0
M0002;12.10.2026;80,0
M0002;13.10.2026;80,0
M0002;14.10.2026;80,0
M0002;15.10.2026;80,0
M0002;16.10.2026;80,0
M0002;19.10.2026;80,0
M0002;20.10.2026;240,0
M0002;21.10.2026;80,0
M0002;22.10.2026;80,0
M0002;23.10.2026;80,0
M0002;26.10.2026;80,0
M0002;27.10.2026;80,0
M0002;28.10.2026;80,0
M0002;29.10.2026;80,0
M0002;30.10.2026;80,0
M0003;05.10.2026;80,0
M0003;06.10.2026;240,0
M0003;07.10.2026;80,0
M0003;08.10.2026;80,0
M0003;09.10.2026;80,0
M0003;12.10.2026;240,0
M0003;13.10.2026;80,0
M0003;14.10.2026;80,0
M0003;15.10.2026;80,0
M0003;16.10.2026;80,0
M0003;19.10.2026;80,0
M0003;20.10.2026;80,0
M0003;21.10.2026;80,0
M0003;22.10.2026;80,0
M0003;23.10.2026;80,0
M0003;26.10.2026;80,0
M0003;27.10.2026;80,0
M0003;28.10.2026;80,0
M0003;29.10.2026;80,0
M0003;30.10.2026;80,0
M0004;05.10.2026;10,0
M0004;06.10.2026;10,0
M0004;07.10.2026;10,0
M0004;08.10.2026;10,0
M0004;09.10.2026;10,0
M0004;12.10.2026;10,0
M0004;13.10.2026;10,0
M0004;14.10.2026;10,0
M0004;15.10.2026;10,0
M0004;16.10.2026;10,0
M0004;19.10.2026;30,0
M0004;20.10.2026;10,0
M0004;21.10.2026;10,0
M0004;22.10.2026;10,0
M0004;23.10.2026;10,0
M0004;26.10.2026;10,0
M0004;27.10.2026;10,0
M0004;28.10.2026;10,0
M0004;29.10.2026;10,0
M0004;30.10.2026;10,0
M0005;05.10.2026;60,0
M0005;06.10.2026;20,0
M0005;07.10.2026;20,0
M0005;08.10.2026;20,0
M0005;09.10.2026;20,0
M0005;12.10.2026;20,0
M0005;13.10.2026;20,0
M0005;14.10.2026;20,0
M0005;15.10.2026;20,0
M0005;16.10.2026;60,0
M0005;19.10.2026;20,0
M0005;20.10.2026;20,0
M0005;21.10.2026;20,0
M0005;22.10.2026;20,0
M0005;23.10.2026;20,0
M0005;26.10.2026;20,0
M0005;27.10.2026;20,0
M0005;28.10.2026;20,0
M0005;29.10.2026;20,0
M0005;30.10.2026;20,0
M0006;05.10.2026;20,0
M0006;06.10.2026;20,0
M0006;07.10.2026;20,0
M0006;08.10.2026;20,0
M0006;09.10.2026;20,0
M0006;12.10.2026;20,0
M0006;13.10.2026;20,0
M0006;14.10.2026;20,0
M0006;15.10.2026;20,0
M0006;16.10.2026;20,0
M0006;19.10.2026;20,0
M0006;20.10.2026;20,0
M0006;21.10.2026;20,0
M0006;22.10.2026;20,0
M0006;23.10.2026;20,0
M0006;26.10.2026;20,0
M0006;27.10.2026;20,0
M0006;28.10.2026;20,0
M0006;29.10.2026;20,0
M0006;30.10.2026;20,0
M0007;05.10.2026;80,0
M0007;06.10.2026;80,0
M0007;07.10.2026;80,0
M0007;08.10.2026;80,0
M0007;09.10.2026;80,0
M0007;12.10.2026;240,0
M0007;13.10.2026;80,0
M0007;14.10.2026;80,0
M0007;15.10.2026;80,0
M0007;16.10.2026;80,0
M0007;19.10.2026;80,0
M0007;20.10.2026;80,0
M0007;21.10.2026;80,0
M0007;22.10.2026;80,0
M0007;23.10.2026;80,0
M0007;26.10.2026;80,0
M0007;27.10.2026;80,0
M0007;28.10.2026;240,0
M0007;29.10.2026;80,0
M0007;30.10.2026;80,0
M0008;05.10.2026;10,0
M0008;06.10.2026;10,0
M0008;07.10.2026;10,0
M0008;08.10.2026;10,0
M0008;09.10.2026;10,0
M0008;12.10.2026;10,0
M0008;13.10.2026;10,0
M0008;14.10.2026;10,0
M0008;15.10.2026;10,0
M0008;16.10.2026;10,0
M0008;19.10.2026;10,0
M0008;20.10.2026;10,0
M0008;21.10.2026;10,0
M0008;22.10.2026;10,0
M0008;23.10.2026;10,0
M0008;26.10.2026;10,0
M0008;27.10.2026;10,0
M0008;28.10.2026;10,0
M0008;29.10.2026;10,0
M0008;30.10.2026;10,0
M0009;05.10.2026;10,0
M0009;06.10.2026;10,0
M0009;07.10.2026;10,0
M0009;08.10.2026;10,0
M0009;09.10.2026;10,0
M0009;12.10.2026;10,0
M0009;13.10.2026;10,0
M0009;14.10.2026;10,0
M0009;15.10.2026;10,0
M0009;16.10.2026;10,0
M0009;19.10.2026;10,0
M0009;20.10.2026;10,0
M0009;21.10.2026;10,0
M0009;22.10.2026;10,0
M0009;23.10.2026;10,0
M0009;26.10.2026;10,0
M0009;27.10.2026;10,0
M0009;28.10.2026;10,0
M0009;29.10.2026;10,0
M0009;30.10.2026;10,0
M0010;05.10.2026;40,0
M0010;06.10.2026;40,0
M0010;07.10.2026;40,0
M0010;08.10.2026;40,0
M0010;09.10.2026;40,0
M0010;12.10.2026;40,0
M0010;13.10.2026;40,0
M0010;14.10.2026;40,0
M0010;15.10.2026;40,0
M0010;16.10.2026;40,0
M0010;19.10.2026;40,0
M0010;20.10.2026;40,0
M0010;21.10.2026;40,0
M0010;22.10.2026;40,0
M0010;23.10.2026;40,0
M0010;26.10.2026;40,0
M0010;27.10.2026;40,0
M0010;28.10.2026;40,0
M0010;29.10.2026;40,0
M0010;30.10.2026;40,0
M0011;05.10.2026;60,0
M0011;06.10.2026;20,0
M0011;07.10.2026;20,0
M0011;08.10.2026;20,0
M0011;09.10.2026;20,0
M0011;12.10.2026;20,0
M0011;13.10.2026;20,0
M0011;14.10.2026;20,0
M0011;15.10.2026;20,0
M0011;16.10.2026;20,0
M0011;19.10.2026;60,0
M0011;20.10.2026;20,0
M0011;21.10.2026;20,0
M0011;22.10.2026;20,0
M0011;23.10.2026;20,0
M0011;26.10.2026;20,0
M0011;27.10.2026;20,0
M0011;28.10.2026;20,0
M0011;29.10.2026;20,0
M0011;30.10.2026;20,0
M0012;05.10.2026;20,0
M0012;06.10.2026;20,0
M0012;07.10.2026;20,0
M0012;08.10.2026;20,0
M0012;09.10.2026;20,0
M0012;12.10.2026;20,0
M0012;13.10.2026;20,0
M0012;14.10.2026;20,0
M0012;15.10.2026;20,0
M0012;16.10.2026;20,0
M0012;19.10.2026;20,0
M0012;20.10.2026;20,0
M0012;21.10.2026;20,0
M0012;22.10.2026;20,0
M0012;23.10.2026;20,0
M0012;26.10.2026;60,0
M0012;27.10.2026;20,0
M0012;28.10.2026;20,0
M0012;29.10.2026;20,0
M0012;30.10.2026;20,0
M0013;05.10.2026;40,0
M0013;06.10.2026;40,0
M0013;07.10.2026;40,0
M0013;08.10.2026;40,0
M0013;09.10.2026;40,0
M0013;12.10.2026;40,0
M0013;13.10.2026;40,0
M0013;14.10.2026;40,0
M0013;15.10.2026;40,0
M0013;16.10.2026;40,0
M0013;19.10.2026;40,0
M0013;20.10.2026;40,0
M0013;21.10.2026;40,0
M0013;22.10.2026;40,0
M0013;23.10.2026;40,0
M0013;26.10.2026;40,0
M0013;27.10.2026;40,0
M0013;28.10.2026;40,0
M0013;29.10.2026;40,0
M0013;30.10.2026;40,0
M0014;05.10.2026;40,0
M0014;06.10.2026;40,0
M0014;07.10.2026;40,0
M0014;08.10.2026;40,0
M0014;09.10.2026;40,0
M0014;12.10.2026;120,0
M0014;13.10.2026;40,0
M0014;14.10.2026;40,0
M0014;15.10.2026;40,0
M0014;16.10.2026;40,0
M0014;19.10.2026;40,0
M0014;20.10.2026;40,0
M0014;21.10.2026;40,0
M0014;22.10.2026;40,0
M0014;23.10.2026;40,0
M0014;26.10.2026;40,0
M0014;27.10.2026;40,0
M0014;28.10.2026;40,0
M0014;29.10.2026;40,0
M0014;30.10.2026;40,0
M0015;05.10.2026;40,0
M0015;06.10.2026;40,0
M0015;07.10.2026;40,0
M0015;08.10.2026;40,0
M0015;09.10.2026;40,0
M0015;12.10.2026;40,0
M0015;13.10.2026;40,0
M0015;14.10.2026;40,0
M0015;15.10.2026;40,0
M0015;16.10.2026;40,0
M0015;19.10.2026;40,0
M0015;20.10.2026;40,0
M0015;21.10.2026;40,0
M0015;22.10.2026;40,0
M0015;23.10.2026;40,0
M0015;26.10.2026;40,0
M0015;27.10.2026;40,0
M0015;28.10.2026;120,0
M0015;29.10.2026;40,0
M0015;30.10.2026;40,0
M0016;05.10.2026;20,0
M0016;06.10.2026;20,0
M0016;07.10.2026;20,0
M0016;08.10.2026;60,0
M0016;09.10.2026;20,0
M0016;12.10.2026;20,0
M0016;13.10.2026;20,0
M0016;14.10.2026;20,0
M0016;15.10.2026;20,0
M0016;16.10.2026;20,0
M0016;19.10.2026;20,0
M0016;20.10.2026;20,0
M0016;21.10.2026;20,0
M0016;22.10.2026;20,0
M0016;23.10.2026;20,0
M0016;26.10.2026;20,0
M0016;27.10.2026;20,0
M0016;28.10.2026;20,0
M0016;29.10.2026;20,0
M0016;30.10.2026;20,0
M0017;05.10.2026;80,0
M0017;06.10.2026;80,0
M0017;07.10.2026;80,0
M0017;08.10.2026;80,0
M0017;09.10.2026;80,0
M0017;12.10.2026;80,0
M0017;13.10.2026;80,0
M0017;14.10.2026;80,0
M0017;15.10.2026;80,0
M0017;16.10.2026;80,0
M0017;19.10.2026;80,0
M0017;20.10.2026;80,0
M0017;21.10.2026;80,0
M0017;22.10.2026;80,0
M0017;23.10.2026;240,0
M0017;26.10.2026;80,0
M0017;27.10.2026;80,0
M0017;28.10.2026;80,0
M0017;29.10.2026;80,0
M0017;30.10.2026;80,0
M0018;05.10.2026;5,0
M0018;06.10.2026;5,0
M0018;07.10.2026;5,0
M0018;08.10.2026;5,0
M0018;09.10.2026;5,0
M0018;12.10.2026;5,0
M0018;13.10.2026;5,0
M0018;14.10.2026;5,0
M0018;15.10.2026;5,0
M0018;16.10.2026;5,0
M0018;19.10.2026;5,0
M0018;20.10.2026;5,0
M0018;21.10.2026;5,0
M0018;22.10.2026;5,0
M0018;23.10.2026;5,0
M0018;26.10.2026;5,0
M0018;27.10.2026;15,0
M0018;28.10.2026;5,0
M0018;29.10.2026;5,0
M0018;30.10.2026;5,0
M0019;05.10.2026;80,0
M0019;06.10.2026;80,0
M0019;07.10.2026;80,0
M0019;08.10.2026;240,0
M0019;09.10.2026;80,0
M0019;12.10.2026;80,0
M0019;13.10.2026;80,0
M0019;14.10.2026;80,0
M0019;15.10.2026;80,0
M0019;16.10.2026;80,0
M0019;19.10.2026;80,0
M0019;20.10.2026;80,0
M0019;21.10.2026;80,0
M0019;22.10.2026;80,0
M0019;23.10.2026;80,0
M0019;26.10.2026;80,0
M0019;27.10.2026;80,0
M0019;28.10.2026;80,0
M0019;29.10.2026;80,0
M0019;30.10.2026;80,0
M0020;05.10.2026;20,0
M0020;06.10.2026;20,0
M0020;07.10.2026;20,0
M0020;08.10.2026;20,0
M0020;09.10.2026;20,0
M0020;12.10.2026;20,0
M0020;13.10.2026;20,0
M0020;14.10.2026;20,0
M0020;15.10.2026;20,0
M0020;16.10.2026;20,0
M0020;19.10.2026;20,0
M0020;20.10.2026;20,0
M0020;21.10.2026;20,0
M0020;22.10.2026;20,0
M0020;23.10.2026;20,0
M0020;26.10.2026;20,0
M0020;27.10.2026;20,0
M0020;28.10.2026;20,0
M0020;29.10.2026;20,0
M0020;30.10.2026;20,0
M0021;05.10.2026;5,0
M0021;06.10.2026;5,0
M0021;07.10.2026;5,0
M0021;08.10.2026;5,0
M0021;09.10.2026;5,0
M0021;12.10.2026;5,0
M0021;13.10.2026;5,0
M0021;14.10.2026;5,0
M0021;15.10.2026;5,0
M0021;16.10.2026;5,0
M0021;19.10.2026;5,0
M0021;20.10.2026;5,0
M0021;21.10.2026;5,0
M0021;22.10.2026;5,0
M0021;23.10.2026;5,0
M0021;26.10.2026;5,0
M0021;27.10.2026;5,0
M0021;28.10.2026;5,0
M0021;29.10.2026;5,0
M0021;30.10.2026;5,0
M0022;05.10.2026;20,0
M0022;06.10.2026;20,0
M0022;07.10.2026;20,0
M0022;08.10.2026;20,0
M0022;09.10.2026;20,0
M0022;12.10.2026;20,0
M0022;13.10.2026;20,0
M0022;14.10.2026;20,0
M0022;15.10.2026;20,0
M0022;16.10.2026;20,0
M0022;19.10.2026;20,0
M0022;20.10.2026;20,0
M0022;21.10.2026;20,0
M0022;22.10.2026;20,0
M0022;23.10.2026;20,0
M0022;26.10.2026;20,0
M0022;27.10.2026;20,0
M0022;28.10.2026;20,0
M0022;29.10.2026;20,0
M0022;30.10.2026;20,0
M0023;05.10.2026;80,0
M0023;06.10.2026;80,0
M0023;07.10.2026;80,0
M0023;08.10.2026;80,0
M0023;09.10.2026;80,0
M0023;12.10.2026;80,0
M0023;13.10.2026;80,0
M0023;14.10.2026;80,0
M0023;15.10.2026;80,0
M0023;16.10.2026;80,0
M0023;19.10.2026;80,0
M0023;20.10.2026;80,0
M0023;21.10.2026;80,0
M0023;22.10.2026;80,0
M0023;23.10.2026;80,0
M0023;26.10.2026;80,0
M0023;27.10.2026;80,0
M0023;28.10.2026;80,0
M0023;29.10.2026;80,0
M0023;30.10.2026;80,0
M0024;05.10.2026;20,0
M0024;06.10.2026;20,0
M0024;07.10.2026;20,0
M0024;08.10.2026;20,0
M0024;09.10.2026;20,0
M0024;12.10.2026;20,0
M0024;13.10.2026;20,0
M0024;14.10.2026;60,0
M0024;15.10.2026;20,0
M0024;16.10.2026;20,0
M0024;19.10.2026;20,0
M0024;20.10.2026;20,0
M0024;21.10.2026;20,0
M0024;22.10.2026;20,0
M0024;23.10.2026;20,0
M0024;26.10.2026;20,0
M0024;27.10.2026;20,0
M0024;28.10.2026;20,0
M0024;29.10.2026;20,0
M0024;30.10.2026;20,0
M0025;05.10.2026;20,0
M0025;06.10.2026;20,0
M0025;07.10.2026;20,0
M0025;08.10.2026;20,0
M0025;09.10.2026;20,0
M0025;12.10.2026;20,0
M0025;13.10.2026;20,0
M0025;14.10.2026;20,0
M0025;15.10.2026;20,0
M0025;16.10.2026;20,0
M0025;19.10.2026;20,0
M0025;20.10.2026;20,0
M0025;21.10.2026;20,0
M0025;22.10.2026;20,0
M0025;23.10.2026;20,0
M0025;26.10.2026;20,0
M0025;27.10.2026;20,0
M0025;28.10.2026;20,0
M0025;29.10.2026;20,0
M0025;30.10.2026;20,0
M0026;05.10.2026;40,0
M0026;06.10.2026;40,0
M0026;07.10.2026;40,0
M0026;08.10.2026;120,0
M0026;09.10.2026;40,0
M0026;12.10.2026;40,0
M0026;13.10.2026;40,0
M0026;14.10.2026;40,0
M0026;15.10.2026;40,0
M0026;16.10.2026;40,0
M0026;19.10.2026;40,0
M0026;20.10.2026;40,0
M0026;21.10.2026;40,0
M0026;22.10.2026;40,0
M0026;23.10.2026;40,0
M0026;26.10.2026;40,0
M0026;27.10.2026;40,0
M0026;28.10.2026;40,0
M0026;29.10.2026;40,0
M0026;30.10.2026;40,0
M0027;05.10.2026;20,0
M0027;06.10.2026;20,0
M0027;07.10.2026;20,0
M0027;08.10.2026;20,0
M0027;09.10.2026;20,0
M0027;12.10.2026;20,0
M0027;13.10.2026;20,0
M0027;14.10.2026;20,0
M0027;15.10.2026;20,0
M0027;16.10.2026;20,0
M0027;19.10.2026;20,0
M0027;20.10.2026;20,0
M0027;21.10.2026;20,0
M0027;22.10.2026;20,0
M0027;23.10.2026;20,0
M0027;26.10.2026;20,0
M0027;27.10.2026;20,0
M0027;28.10.2026;20,0
M0027;29.10.2026;20,0
M0027;30.10.2026;20,0
M0028;05.10.2026;20,0
M0028;06.10.2026;20,0
M0028;07.10.2026;20,0
M0028;08.10.2026;20,0
M0028;09.10.2026;20,0
M0028;12.10.2026;20,0
M0028;13.10.2026;20,0
M0028;14.10.2026;20,0
M0028;15.10.2026;60,0
M0028;16.10.2026;20,0
M0028;19.10.2026;20,0
M0028;20.10.2026;20,0
M0028;21.10.2026;20,0
M0028;22.10.2026;20,0
M0028;23.10.2026;20,0
M0028;26.10.2026;20,0
M0028;27.10.2026;20,0
M0028;28.10.2026;20,0
M0028;29.10.2026;20,0
M0028;30.10.2026;20,0
M0029;05.10.2026;10,0
M0029;06.10.2026;10,0
M0029;07.10.2026;10,0
M0029;08.10.2026;10,0
M0029;09.10.2026;10,0
M0029;12.10.2026;10,0
M0029;13.10.2026;10,0
M0029;14.10.2026;10,0
M0029;15.10.2026;10,0
M0029;16.10.2026;10,0
M0029;19.10.2026;10,0
M0029;20.10.2026;10,0
M0029;21.10.2026;10,0
M0029;22.10.2026;10,0
M0029;23.10.2026;10,0
M0029;26.10.2026;10,0
M0029;27.10.2026;10,0
M0029;28.10.2026;10,0
M0029;29.10.2026;10,0
M0029;30.10.2026;10,0
VORCHAIN-PRIVACY-MARKER-7f3a;05.10.2026;10,0
VORCHAIN-PRIVACY-MARKER-7f3a;06.10.2026;10,0
VORCHAIN-PRIVACY-MARKER-7f3a;07.10.2026;10,0
VORCHAIN-PRIVACY-MARKER-7f3a;08.10.2026;10,0
VORCHAIN-PRIVACY-MARKER-7f3a;09.10.2026;10,0
VORCHAIN-PRIVACY-MARKER-7f3a;12.10.2026;10,0
VORCHAIN-PRIVACY-MARKER-7f3a;13.10.2026;10,0
VORCHAIN-PRIVACY-MARKER-7f3a;14.10.2026;10,0
VORCHAIN-PRIVACY-MARKER-7f3a;15.10.2026;10,0
VORCHAIN-PRIVACY-MARKER-7f3a;16.10.2026;10,0
VORCHAIN-PRIVACY-MARKER-7f3a;19.10.2026;10,0
VORCHAIN-PRIVACY-MARKER-7f3a;20.10.2026;10,0
VORCHAIN-PRIVACY-MARKER-7f3a;21.10.2026;10,0
VORCHAIN-PRIVACY-MARKER-7f3a;22.10.2026;10,0
VORCHAIN-PRIVACY-MARKER-7f3a;23.10.2026;10,0
VORCHAIN-PRIVACY-MARKER-7f3a;26.10.2026;10,0
VORCHAIN-PRIVACY-MARKER-7f3a;27.10.2026;10,0
VORCHAIN-PRIVACY-MARKER-7f3a;28.10.2026;10,0
VORCHAIN-PRIVACY-MARKER-7f3a;29.10.2026;10,0
VORCHAIN-PRIVACY-MARKER-7f3a;30.10.2026;10,0
