Bestellnummer;Lieferant;Liefertermin;Wareneingang
HS01000;S01;02.11.2025;03.11.2025
HS01001;S01;23.05.2026;24.05.2026
HS01002;S01;03.06.2026;03.06.2026
HS01003;S01;20.12.2025;20.12.2025
HS01004;S01;12.08.2026;12.08.2026
HS01005;S01;09.08.2026;09.08.2026
HS01006;S01;06.06.2026;06.06.2026
HS01007;S01;12.12.2025;13.12.2025
HS01008;S01;16.06.2026;16.06.2026
HS01009;S01;23.02.2026;21.02.2026
HS01010;S01;05.06.2026;04.06.2026
HS01011;S01;22.09.2026;22.09.2026
HS01012;S01;06.07.2026;06.07.2026
HS01013;S01;08.07.2026;07.07.2026
HS01014;S01;07.06.2026;08.06.2026
HS01015;S01;09.08.2026;09.08.2026
HS01016;S01;15.03.2026;17.03.2026
HS01017;S01;20.11.2025;21.11.2025
HS01018;S01;13.05.2026;14.05.2026
HS01019;S01;25.12.2025;23.12.2025
HS01020;S01;24.07.2026;25.07.2026
HS01021;S01;17.12.2025;17.12.2025
HS01022;S01;28.04.2026;29.04.2026
HS01023;S01;24.03.2026;23.03.2026
HS01024;S01;04.12.2025;04.12.2025
HS02000;S02;22.10.2025;29.10.2025
HS02001;S02;01.06.2026;09.06.2026
HS02002;S02;29.05.2026;27.05.2026
HS02003;S02;05.08.2026;08.08.2026
HS02004;S02;23.03.2026;01.04.2026
HS02005;S02;04.07.2026;08.07.2026
HS02006;S02;12.05.2026;20.05.2026
HS02007;S02;11.10.2025;14.10.2025
HS02008;S02;30.06.2026;02.07.2026
HS02009;S02;26.12.2025;01.01.2026
HS02010;S02;15.03.2026;19.03.2026
HS02011;S02;10.05.2026;22.05.2026
HS02012;S02;14.12.2025;20.12.2025
HS02013;S02;05.06.2026;08.06.2026
HS02014;S02;28.08.2026;27.08.2026
HS02015;S02;31.05.2026;09.06.2026
HS02016;S02;04.03.2026;03.03.2026
HS02017;S02;11.05.2026;25.05.2026
HS02018;S02;09.12.2025;19.12.2025
HS02019;S02;17.04.2026;24.04.2026
HS02020;S02;31.10.2025;11.11.2025
HS02021;S02;03.02.2026;10.02.2026
HS02022;S02;12.12.2025;20.12.2025
HS02023;S02;24.12.2025;30.12.2025
HS02024;S02;01.12.2025;12.12.2025
HS03000;S03;05.03.2026;03.03.2026
HS03001;S03;17.07.2026;23.07.2026
HS03002;S03;08.01.2026;06.01.2026
HS03003;S03;31.07.2026;01.08.2026
HS03004;S03;09.07.2026;08.07.2026
HS03005;S03;21.02.2026;19.02.2026
HS03006;S03;24.11.2025;27.11.2025
HS03007;S03;29.01.2026;31.01.2026
HS03008;S03;29.12.2025;30.12.2025
HS03009;S03;20.09.2026;24.09.2026
HS03010;S03;12.10.2025;12.10.2025
HS03011;S03;25.12.2025;23.12.2025
HS03012;S03;12.05.2026;13.05.2026
HS03013;S03;28.04.2026;27.04.2026
HS03014;S03;15.02.2026;16.02.2026
HS03015;S03;14.05.2026;15.05.2026
HS03016;S03;12.01.2026;13.01.2026
HS03017;S03;02.08.2026;01.08.2026
HS03018;S03;09.11.2025;09.11.2025
HS03019;S03;18.11.2025;22.11.2025
HS03020;S03;16.06.2026;19.06.2026
HS03021;S03;23.12.2025;27.12.2025
HS03022;S03;28.12.2025;31.12.2025
HS03023;S03;18.01.2026;18.01.2026
HS03024;S03;16.09.2026;18.09.2026
HS04000;S04;21.04.2026;07.05.2026
HS04001;S04;26.05.2026;19.06.2026
HS04002;S04;16.08.2026;01.09.2026
HS04003;S04;13.08.2026;24.08.2026
HS04004;S04;27.12.2025;28.12.2025
HS04005;S04;23.07.2026;09.08.2026
HS04006;S04;18.12.2025;04.01.2026
HS04007;S04;03.07.2026;14.07.2026
HS04008;S04;21.02.2026;17.03.2026
HS04009;S04;09.06.2026;30.06.2026
HS04010;S04;15.06.2026;23.06.2026
HS04011;S04;19.04.2026;24.04.2026
HS04012;S04;18.03.2026;04.04.2026
HS04013;S04;13.02.2026;02.03.2026
HS04014;S04;22.05.2026;30.05.2026
HS04015;S04;02.06.2026;15.06.2026
HS04016;S04;16.12.2025;28.12.2025
HS04017;S04;31.05.2026;11.06.2026
HS04018;S04;06.11.2025;18.11.2025
HS04019;S04;26.08.2026;09.09.2026
HS04020;S04;09.04.2026;04.05.2026
HS04021;S04;20.08.2026;27.08.2026
HS04022;S04;20.01.2026;01.02.2026
HS04023;S04;08.06.2026;11.06.2026
HS04024;S04;07.12.2025;17.12.2025
HS05000;S05;04.12.2025;04.12.2025
HS05001;S05;01.03.2026;01.03.2026
HS05002;S05;20.06.2026;20.06.2026
HS05003;S05;28.03.2026;28.03.2026
HS05004;S05;21.02.2026;21.02.2026
HS05005;S05;29.08.2026;29.08.2026
HS05006;S05;16.10.2025;16.10.2025
HS05007;S05;25.08.2026;25.08.2026
HS05008;S05;03.03.2026;03.03.2026
HS05009;S05;01.08.2026;01.08.2026
HS05010;S05;21.05.2026;21.05.2026
HS05011;S05;16.07.2026;16.07.2026
HS05012;S05;21.02.2026;21.02.2026
HS05013;S05;18.08.2026;18.08.2026
HS05014;S05;11.02.2026;11.02.2026
HS05015;S05;06.08.2026;06.08.2026
HS05016;S05;31.08.2026;31.08.2026
HS05017;S05;18.09.2026;18.09.2026
HS05018;S05;09.08.2026;09.08.2026
HS05019;S05;02.07.2026;02.07.2026
HS05020;S05;01.03.2026;01.03.2026
HS05021;S05;04.03.2026;04.03.2026
HS05022;S05;26.08.2026;26.08.2026
HS05023;S05;10.03.2026;10.03.2026
HS05024;S05;13.05.2026;13.05.2026
HS06000;S06;02.05.2026;03.05.2026
HS06001;S06;21.02.2026;22.02.2026
HS06002;S06;15.12.2025;13.12.2025
HS06003;S06;22.10.2025;25.10.2025
HS06004;S06;27.04.2026;28.04.2026
HS06005;S06;06.06.2026;13.06.2026
HS06006;S06;22.12.2025;24.12.2025
HS06007;S06;25.08.2026;28.08.2026
HS06008;S06;30.11.2025;02.12.2025
HS06009;S06;24.01.2026;22.01.2026
HS06010;S06;07.07.2026;10.07.2026
HS06011;S06;27.08.2026;31.08.2026
HS06012;S06;22.06.2026;25.06.2026
HS06013;S06;21.08.2026;20.08.2026
HS06014;S06;28.05.2026;28.05.2026
HS06015;S06;03.03.2026;11.03.2026
HS06016;S06;22.05.2026;29.05.2026
HS06017;S06;03.12.2025;03.12.2025
HS06018;S06;23.02.2026;24.02.2026
HS06019;S06;24.10.2025;24.10.2025
HS06020;S06;15.05.2026;16.05.2026
HS06021;S06;13.06.2026;15.06.2026
HS06022;S06;13.05.2026;14.05.2026
HS06023;S06;07.03.2026;13.03.2026
HS06024;S06;03.02.2026;09.02.2026
