Bestellnummer;Artikelnummer;Lieferant;Bestellmenge;Liefertermin
PO00001;M0001;S03;40,0;15.10.2026
PO00002;M0002;S01;480,0;24.10.2026
PO00003;M0003;S03;1440,0;17.10.2026
PO00004;M0005;S01;280,0;10.10.2026
PO00005;M0006;S05;280,0;09.10.2026
PO00006;M0008;S04;200,0;23.10.2026
PO00007;M0009;S06;50,0;22.10.2026
PO00008;M0009;S06;140,0;18.10.2026
PO00009;M0010;S04;600,0;17.10.2026
PO00010;M0010;S04;520,0;19.10.2026
PO00011;M0013;S04;200,0;17.10.2026
PO00012;M0013;S04;600,0;22.10.2026
PO00013;M0014;S02;640,0;24.10.2026
PO00014;M0014;S02;600,0;20.10.2026
PO00015;M0016;S05;340,0;14.10.2026
PO00016;M0016;S05;380,0;21.10.2026
PO00017;M0017;S03;880,0;25.10.2026
PO00018;M0019;S02;480,0;24.10.2026
PO00019;M0019;S02;560,0;21.10.2026
PO00020;M0020;S03;280,0;12.10.2026
PO00021;M0021;S05;65,0;17.10.2026
PO00022;M0021;S05;70,0;07.10.2026
PO00023;M0022;S06;120,0;22.10.2026
PO00024;M0023;S02;480,0;24.10.2026
PO00025;M0023;S02;960,0;09.10.2026
PO00026;M0024;S06;380,0;14.10.2026
PO00027;M0026;S06;240,0;21.10.2026
PO00028;M0027;S05;320,0;24.10.2026
PO00029;M0027;S05;340,0;09.10.2026
PO00030;M0028;S01;160,0;22.10.2026
PO00031;M0029;S01;170,0;08.10.2026
PO00032;M0030;S03;80,0;12.10.2026
