Artikelnummer;Bezeichnung;Hauptlieferant;Lagerbestand;Sicherheitsbestand;ME
M0001;Part M0001;S03;15,0;25,0;Stk
M0002;Part M0002;S01;560,0;320,0;Stk
M0003;Part M0003;S03;1600,0;240,0;Stk
M0004;Part M0004;S06;110,0;30,0;Stk
M0005;Part M0005;S01;160,0;80,0;Stk
M0006;Part M0006;S05;480,0;100,0;Stk
M0007;Part M0007;S05;1040,0;160,0;Stk
M0008;Part M0008;S04;80,0;50,0;Stk
M0009;Part M0009;S06;110,0;50,0;Stk
M0010;Part M0010;S04;800,0;120,0;Stk
M0011;Part M0011;S04;100,0;100,0;Stk
M0012;Part M0012;S02;120,0;40,0;Stk
M0013;Part M0013;S04;240,0;200,0;Stk
M0014;Part M0014;S02;360,0;160,0;Stk
M0015;Part M0015;S03;440,0;160,0;Stk
M0016;Part M0016;S05;500,0;60,0;Stk
M0017;Part M0017;S03;1280,0;320,0;Stk
M0018;Part M0018;S04;100,0;15,0;Stk
M0019;Part M0019;S02;1680,0;160,0;Stk
M0020;Part M0020;S03;260,0;40,0;Stk
M0021;Part M0021;S05;100,0;25,0;Stk
M0022;Part M0022;S06;420,0;100,0;Stk
M0023;Part M0023;S02;1680,0;320,0;Stk
M0024;Part M0024;S06;200,0;40,0;Stk
M0025;Part M0025;S06;340,0;80,0;Stk
M0026;Part M0026;S06;440,0;80,0;Stk
M0027;Part M0027;S05;140,0;40,0;Stk
M0028;Part M0028;S01;400,0;40,0;Stk
M0029;Part M0029;S01;200,0;30,0;Stk
M0030;Part M0030;S03;60,0;50,0;Stk
